weekday,PM2.5
Monday,70.61013946279259
Tuesday,73.41072835620841
Wednesday,74.37655695993607
Thursday,75.80936473311773
Friday,78.76364579224678
Saturday,82.32680427572102
Sunday,77.11275676717624
